Industry,Month,Revenue,Customers,GrowthRate,TrendScore
Retail,1,47840.1424590337,2554.2603548243223,0.03647688538100692,0.5585359197254358
Retail,2,46997.53987582999,2614.879456457623,0.04579212815507391,0.567332377233015
Retail,3,47641.57684219514,2806.3840065378945,0.025365823071875376,0.403542627680864
Retail,4,51125.88681469811,2513.0079633013306,0.01275082167486967,0.33563973191229973
Retail,5,48711.506638996725,2922.137099889291,0.020919759244787887,0.3339836111571749
Retail,6,57496.946306764665,2916.1335549270198,0.030675282046879238,0.3821390009237233
Retail,7,52816.85182642445,3041.63838845648,0.01849006422577697,0.4112352220461684
Retail,8,53998.083930243585,3056.2459375310086,0.02398293387770603,0.512528578613977
Retail,9,57109.5083257862,3016.343360656615,0.03822544912103189,0.4300850631066083
Retail,10,59126.59078501427,2956.049481418034,0.016718139511015695,0.39343375934853464
Retail,11,62065.399739986235,3350.7052421784956,0.028843517176117592,0.4291624011011235
Retail,12,56764.43402889771,3292.023368740793,0.025393612290402122,0.4798241727629564
Retail,13,63580.85486870539,3210.5439766955906,0.03324083969394795,0.44695008444892387
Retail,14,61869.23399908212,3641.7514433261304,0.04030999522495951,0.5481139820806075
Retail,15,62732.34743033208,3578.618143622318,0.03331263431403564,0.5153404279262961
Retail,16,65162.47728646413,3672.1511535004274,0.018936650259939715,0.334872920095665
Retail,17,70387.5774671826,3978.4360042856233,0.02927989878419666,0.49657613881558454
Retail,18,70384.9080751429,3753.2320368092314,0.03361395605508414,0.5449716085987192
Retail,19,70542.52188267015,4159.696548372101,0.0038025489591025537,0.36010787001427397
Retail,20,72261.14120471451,3955.14889743012,0.030917607765355022,0.3552095930967305
Retail,21,72690.98433648747,4128.566885726762,0.044778940447415164,0.4979811913233934
Retail,22,72274.51919132043,4074.7364434623196,0.03915402117702074,0.5122076613680879
Retail,23,74460.71938869888,4301.990114967003,0.0309707754934804,0.5032861269940465
Retail,24,75293.84071836794,4250.850678010334,0.026078918468678422,0.3572188449367862
Retail,25,79638.36083119373,4414.158290826984,0.03005113456642461,0.4385263161633657
Retail,26,75853.88777384875,4386.903201585196,0.026572854834732304,0.39275041071258054
Retail,27,80966.14286500197,4585.607628522181,0.048861859012105296,0.5530381857021185
Retail,28,83572.65117216829,4588.833112635075,0.010812287847009584,0.35273574546258707
Retail,29,84330.69062982308,5044.486316872793,0.028076390352188774,0.4554593188776245
Retail,30,85395.86469088426,4574.69829435707,0.04142822814515021,0.5447377923600897
Retail,31,89223.09584112914,4688.591881780789,0.04402794310936099,0.4500471624071909
Retail,32,89960.57128140081,5228.568343871497,0.020094636748693114,0.37215829726332694
Retail,33,89848.95409526292,4899.47865188257,0.014493365689338672,0.37589497718699466
Retail,34,87713.08885882169,5121.038864595277,0.020805757657661968,0.48152550853918674
Retail,35,89900.24012299128,5076.690772569149,0.0381351721736967,0.4291326450467857
Retail,36,94282.3798038124,5396.071413142364,0.013925167654387723,0.3788575311985538
Healthcare,1,41579.64838274527,1647.2734307665964,0.007630492891219181,0.2721296338018821
Healthcare,2,43165.824696850694,1604.5477009849778,0.022504928503458765,0.4298470529921426
Healthcare,3,40359.92583526453,1624.8380545741506,0.022930724732986813,0.3789360527636157
Healthcare,4,48797.32353343427,1691.0749381367682,0.008086965027973514,0.37326250557155904
Healthcare,5,41075.95498931804,1768.062690561368,0.03158595579007404,0.41689566303278464
Healthcare,6,47690.12838773297,1741.917139040475,0.0282206015999449,0.5359426571324218
Healthcare,7,44863.835651991394,1596.9395753463768,0.011104855703744768,0.3147337642704519
Healthcare,8,46168.69487175769,1791.1727962224963,0.02276690799330019,0.45519370241830215
Healthcare,9,47239.00567563372,1988.0301115735974,0.01735343166762044,0.5227756166675831
Healthcare,10,49877.00204329502,1671.4263665375577,0.009291075019388877,0.3705789958591036
Healthcare,11,48129.61164402245,1937.100074113814,0.02473237624573545,0.4200204355958336
Healthcare,12,47059.61884579479,1632.7729162971202,0.01553485047932979,0.4204941921128226
Healthcare,13,51042.28123239061,1703.139183193202,0.02173180925851182,0.42792491527900095
Healthcare,14,48548.4276913966,1943.0587658918291,0.02058208718446,0.3457619210307688
Healthcare,15,53073.36208104485,2034.117678955235,0.03083051243175277,0.506842664760509
Healthcare,16,48666.991896128726,1839.3262440127316,0.0251503526720866,0.4514410609060434
Healthcare,17,55145.14305891814,2587.9097235982085,0.02570890510693167,0.4853228075436883
Healthcare,18,57262.0052904796,2137.7086876958697,0.016847307553596542,0.4221849987926461
Healthcare,19,52881.52435638728,2034.4772089889987,0.015146364521708967,0.3798255295778609
Healthcare,20,62943.97570002053,1819.9102211112377,0.026862601903745134,0.35367721595924306
Healthcare,21,55384.2044026317,2293.342589545105,0.020642800190954626,0.3493267620583078
Healthcare,22,55454.0888722201,2261.9396623402013,0.012696333682828635,0.3743045978932419
Healthcare,23,58536.71551971144,2092.2599478591274,0.04143944089325326,0.5388931555821668
Healthcare,24,53124.57224002718,2247.9681472154143,0.01338213535231612,0.40953234350139184
Healthcare,25,57622.4377847019,2232.789533779965,0.025049872789804573,0.4685371236575289
Healthcare,26,57199.11077883267,2229.824814623858,0.015250546888390438,0.3435862728132666
Healthcare,27,66896.36272084329,2370.7472566441434,0.007391160456649549,0.38284889963598656
Healthcare,28,68766.4685910379,2494.869789082672,0.004806300340459866,0.29981979805898673
Healthcare,29,67000.73344755986,2263.849580157183,0.024438194281462284,0.4609226740787783
Healthcare,30,61219.20858526575,2391.07119659073,-0.012412673400690726,0.18671725092983185
Healthcare,31,64042.295545820525,2242.8325227052724,0.036324113039316354,0.4101134962985501
Healthcare,32,64279.866539909046,2479.6110865929136,0.03441273289066116,0.4002705568943338
Healthcare,33,69889.49125646488,2491.534959152938,0.01018491348952049,0.374029741160766
Healthcare,34,67797.17908672041,2429.9674684261813,0.02069802084990019,0.3842244244064129
Healthcare,35,68340.55203575375,2649.3196011781574,0.03586016816145352,0.4174100658659251
Healthcare,36,75199.1001239688,2287.1868300716246,0.018482149049644167,0.42182660557244966
Technology,1,53842.9756032051,2026.5950720269109,0.057918777496427244,0.5649438407491946
Technology,2,54231.905729167374,2367.4403145531537,0.06357015485965047,0.5832052945352196
Technology,3,61698.799626299755,2406.0949281314915,0.0681286211883896,0.6721245480381286
Technology,4,59513.01496723379,2395.9728439704545,0.06747293605123261,0.6678831935278362
Technology,5,64937.29521810755,2617.599107496317,0.07277664895788424,0.6343046753476297
Technology,6,69641.29214351012,2689.6711021349156,0.05782318796772779,0.6440547824379985
Technology,7,73476.24904696409,2962.026445400096,0.0730547880715433,0.6663241324393544
Technology,8,76045.85891388489,2913.4599865109817,0.06324166352488442,0.6097011649060379
Technology,9,77290.98789497816,3169.273553815537,0.05181779316766527,0.6637083296225994
Technology,10,76981.9478555009,3017.87170808184,0.07158110873500068,0.6974886783731502
Technology,11,84872.35945115646,3414.251826389642,0.05987753227153085,0.5545249427833627
Technology,12,86227.41367458118,3338.4257432731833,0.0697511973341775,0.6414031175957806
Technology,13,86523.50840962246,3511.792123752051,0.06412931454275624,0.5924603450735824
Technology,14,89533.33881330071,3716.5530817237864,0.062449665711087225,0.5869011697868796
Technology,15,93586.88508314503,3834.8074906036454,0.045519156585026754,0.457222594206306
Technology,16,95844.6673362427,3887.982927243223,0.06310907565598005,0.6893131891273779
Technology,17,103572.97886960606,4016.009220505486,0.05980983792097311,0.548922721372975
Technology,18,103944.46059202284,4116.701204161979,0.06322718560338089,0.5747743808392883
Technology,19,108558.0395427235,4509.910836950386,0.058912398515431424,0.6146475786821041
Technology,20,112070.43197513335,4339.816929217124,0.062240924818104164,0.6118342441296105
Technology,21,113293.02829564648,4404.04853242168,0.06024510174258942,0.6261254232752196
Technology,22,120353.4308233851,4783.890623912781,0.08153182457511557,0.6692917447311753
Technology,23,121616.96191016203,4787.501300860753,0.08189802933217671,0.669075232393126
Technology,24,119480.83447345767,4790.091103183397,0.038761042756901926,0.46751746270047156
Technology,25,122722.60201533891,5022.559067971431,0.0634175597577716,0.7108963407496522
Technology,26,130851.27151455815,5033.46445165064,0.05101585328651642,0.5796752250079074
Technology,27,127039.30037893807,5514.718814878153,0.07179440120721287,0.635513223430829
Technology,28,128860.59641272736,5563.080856124811,0.058854601547473816,0.6561638233360421
Technology,29,132216.7170236169,5390.093746556934,0.06005243699718183,0.6026112146741462
Technology,30,138649.80358556227,5693.427489852124,0.04932379570617405,0.5395000042798056
Technology,31,143360.88689513569,5797.165825108812,0.0671161487808889,0.5793486393125511
Technology,32,141397.65748779313,6031.651523284776,0.06332314011979591,0.5791913737711518
Technology,33,153653.45592656758,5977.351195143929,0.07179297184063826,0.6623407832736968
Technology,34,158182.24377464596,6343.30112636648,0.05751035851520926,0.636130340123764
Technology,35,156936.12784875545,6405.294733629852,0.05035076539419896,0.5860563999709167
Technology,36,161175.27346054875,6056.189077036533,0.048167414873342244,0.4388754654787062
Transportation,1,35066.77949666633,1952.6313383693941,0.04002357052096028,0.5038225916257901
Transportation,2,41635.846636713875,1682.9847812677663,0.007966175606448453,0.33705349308741134
Transportation,3,38777.196346817924,1930.095787785886,0.004325578999601235,0.3171718930223667
Transportation,4,34586.59149848544,2080.450882324506,0.028665982460968485,0.39633592298847464
Transportation,5,37833.39924798992,1866.1179717166572,0.02437320902726828,0.46962316116140335
Transportation,6,37292.82186099337,2145.6069773276768,0.019697423816275594,0.35884347746826073
Transportation,7,40803.908920136324,1959.7136516370938,0.01946350694652818,0.3374236401031984
Transportation,8,47894.17539874917,2165.2895327957594,0.018002744920074146,0.4007127201370818
Transportation,9,42538.01585092751,2171.8545600700168,0.031141667000434255,0.49358372050453647
Transportation,10,42158.496557168415,2163.627263903298,0.02224948302848356,0.29615135690563854
Transportation,11,40079.426813404345,2500.0311401166787,0.04144967713501284,0.49479658369724533
Transportation,12,47229.6708891673,2386.68752318153,0.055788808084552374,0.6349227859944908
Transportation,13,45991.2472255577,2241.668933909936,0.008935536797424277,0.3548508657804825
Transportation,14,44980.94776414709,2216.661943560349,0.018534271157574736,0.3385939556071539
Transportation,15,53186.4249052177,2607.2459635424175,0.024920273586833828,0.49859857487867043
Transportation,16,49232.10492294285,2390.8073698007606,0.040231240772696575,0.5281017060477159
Transportation,17,46763.26153702063,2536.449198287459,0.01624381746615243,0.31207910078254536
Transportation,18,53528.532642594924,2896.4124960705194,0.01101432426180859,0.3832200831435715
Transportation,19,49673.07229263452,2581.9311924352955,0.01907606075761131,0.3521807653040657
Transportation,20,52645.56488383448,2575.3574825383444,0.02770456825779839,0.4360109358165351
Transportation,21,52658.15585940077,2608.8654506937605,0.019232286694316675,0.4339309947628712
Transportation,22,55752.75156287314,2643.3667132802175,0.02599332305429226,0.46753597144005077
Transportation,23,50116.78415663589,2916.5040288569908,0.018373762410541533,0.4203987454823656
Transportation,24,53710.22253037245,2609.267684900322,0.008724575621168375,0.34602712543891095
Transportation,25,57654.16750516445,2789.3525062343388,0.03138592458777374,0.3738536198254207
Transportation,26,57551.76060405805,2788.3475700356316,0.01848163892197841,0.39477812817571273
Transportation,27,56043.759904148144,2957.3166683655263,0.03506292809214441,0.4464700469845646
Transportation,28,62007.07633619543,2890.5439718013577,0.03029804177915283,0.5235686399286592
Transportation,29,52960.06649961813,2985.4657116794283,0.030770721271805402,0.44370133705687737
Transportation,30,62363.437620113924,3059.402221992627,0.025865897874729,0.421545627604041
Transportation,31,65628.34618497943,3233.163126495182,0.028376026620752025,0.42128628479763675
Transportation,32,61537.18132778252,3175.116271827057,0.028944521423782968,0.42367338307790164
Transportation,33,64744.32457068925,3596.3101197968163,0.033711247034316924,0.4522550585631926
Transportation,34,68353.64176649184,3268.7886940467674,0.004618754648221462,0.27268945769523706
Transportation,35,60012.624236922435,3322.2729773938036,0.025184183791895517,0.5097427845732417
Transportation,36,67480.78212129249,3387.1349206786704,0.033294055811834894,0.3559135136087802
Finance,1,50386.84367432569,2392.629779083045,0.02021413754220159,0.4582583898713544
Finance,2,52375.489222483244,2291.7068129148797,0.04132781866106285,0.620173736195534
Finance,3,53585.598765175484,2468.2330879450506,0.030406391004597563,0.40953973654974823
Finance,4,57211.00744963274,2379.5874261136705,0.03571566237219393,0.45469543952271385
Finance,5,57836.939477239175,2635.0493157930423,0.045375399442579,0.5013761772701577
Finance,6,57270.375194119886,2515.185442632654,0.030557067399238885,0.471650361648437
Finance,7,62030.96584993607,2600.6752013733567,0.043696059201056604,0.5862621889455305
Finance,8,62680.3047096711,3097.51937188371,0.027262108008964274,0.3740778048792505
Finance,9,57783.839253287166,3117.4066467233774,0.04154365656354058,0.5049390492721801
Finance,10,65639.90587895947,2801.1766429052436,0.05945751979616827,0.6037486580796027
Finance,11,66808.18438381467,3155.864993584804,0.03981009231736714,0.5102446628007923
Finance,12,65788.57663366407,3194.7202535703996,0.05382024496475034,0.6363722271315005
Finance,13,74619.55987991819,3124.3176485353224,0.025103951797414197,0.4192304129820885
Finance,14,71687.17473686609,3442.1287277706424,0.01807535370285181,0.4668542844872898
Finance,15,72725.97630426304,3290.967839507887,0.024878956247398328,0.34165194764370316
Finance,16,77349.51175188574,3442.9976950782607,0.022100391002589464,0.3457480164097665
Finance,17,75552.64590212963,3759.3532287934095,0.032404086486363955,0.3868632847759145
Finance,18,77502.77080774217,3545.09146453785,0.008031133570584287,0.3374409245270308
Finance,19,79227.19640937397,3767.4309547220128,0.05348956094945345,0.6237760562246552
Finance,20,80793.33392833552,3574.02111368875,0.06073359803249861,0.6066289118632174
Finance,21,83321.78787573884,3813.3812369334996,0.03698084760767855,0.47768621744219564
Finance,22,83239.0139793593,3811.971158813941,0.03467246729784002,0.4461910979325119
Finance,23,84501.46265196853,3986.964534153785,0.03245022782579145,0.5374507885580917
Finance,24,80367.09057482096,4211.726027788369,0.047460851924976295,0.433634748004474
Finance,25,88971.93721775895,4069.2838701006312,0.02092488305282179,0.3657335808845652
Finance,26,88348.27246360251,4464.840566513543,0.044356783931474617,0.585361674407081
Finance,27,95525.01619212971,4109.642234317415,0.029754797337202266,0.4732427147474072
Finance,28,91373.61657332417,4462.949764525858,0.03259674601841865,0.4442426897146134
Finance,29,98852.87990461047,4499.639496722906,0.0313903383418092,0.5149181818772585
Finance,30,95156.81001720029,4602.39034104164,0.04093101257968384,0.4891777409327197
Finance,31,101058.39906672636,4399.332963542204,0.04424027019206901,0.5119562441381956
Finance,32,100191.83093844289,4821.351383875533,0.02795656309457241,0.369359750654684
Finance,33,98770.11247942831,4831.901492701847,0.022195706475037172,0.4987182414744041
Finance,34,98874.21177634885,5072.4684552435065,0.03711017467202619,0.4807152177666113
Finance,35,105165.24273957315,4954.870417152811,0.03462365297575152,0.5282833589795837
Finance,36,108822.68294598613,4994.545264219282,0.03136387787786144,0.45397210820325384
